iteration,scenario,deployment_seconds,scenario_check_seconds,deployment_success,expected_behavior_passed,sampled_unavailable_seconds,ping_samples,failed_ping_samples,healthy_old_during_candidate_samples,error,source_sha256,git_commit,base_image_id,test_resources_removed
1,successful_replacement,15.821689842268825,16.233756253495812,True,True,0,149,0,38,,e70281753dae24ba93a7e4a1715940d298a73793d48104b3c6e114af5550c777,996d0f98b92dcb7d1c4e950f77191cebce1584d6,sha256:cab13b32bc3f286b67e9ecd82b05fd2055f26583c0c7f8fb3ee6b65ced6d8e96,True
1,failed_build,0.03976931981742382,0.2508752401918173,False,True,0,3,0,0,"MlflowException: The following failures occurred while downloading one or more artifacts from /data/aturov/mlops-github-work/docs/CAISAIS/measurements_2026-10-05/run-01/missing-model:
##### File  #####
[Errno 2] No such file or directory: '/data/aturov/mlops-github-work/docs/CAISAIS/measurements_2026-10-05/run-01/missing-model/.'",e70281753dae24ba93a7e4a1715940d298a73793d48104b3c6e114af5550c777,996d0f98b92dcb7d1c4e950f77191cebce1584d6,sha256:cab13b32bc3f286b67e9ecd82b05fd2055f26583c0c7f8fb3ee6b65ced6d8e96,True
1,failed_start,15.971178144216537,16.185009136795998,False,True,0,133,0,130,TimeoutError: Container mlflow-serve-minimal_check_eccdbb85-champion-candidate failed /ping readiness,e70281753dae24ba93a7e4a1715940d298a73793d48104b3c6e114af5550c777,996d0f98b92dcb7d1c4e950f77191cebce1584d6,sha256:cab13b32bc3f286b67e9ecd82b05fd2055f26583c0c7f8fb3ee6b65ced6d8e96,True
2,successful_replacement,15.809953074902296,16.220681911334395,True,True,0,148,0,38,,e70281753dae24ba93a7e4a1715940d298a73793d48104b3c6e114af5550c777,996d0f98b92dcb7d1c4e950f77191cebce1584d6,sha256:cab13b32bc3f286b67e9ecd82b05fd2055f26583c0c7f8fb3ee6b65ced6d8e96,True
2,failed_build,0.038519082590937614,0.25024150498211384,False,True,0,3,0,0,"MlflowException: The following failures occurred while downloading one or more artifacts from /data/aturov/mlops-github-work/docs/CAISAIS/measurements_2026-10-05/run-02/missing-model:
##### File  #####
[Errno 2] No such file or directory: '/data/aturov/mlops-github-work/docs/CAISAIS/measurements_2026-10-05/run-02/missing-model/.'",e70281753dae24ba93a7e4a1715940d298a73793d48104b3c6e114af5550c777,996d0f98b92dcb7d1c4e950f77191cebce1584d6,sha256:cab13b32bc3f286b67e9ecd82b05fd2055f26583c0c7f8fb3ee6b65ced6d8e96,True
2,failed_start,15.983076591044664,16.197464043274522,False,True,0,129,0,126,TimeoutError: Container mlflow-serve-minimal_check_a93ee746-champion-candidate failed /ping readiness,e70281753dae24ba93a7e4a1715940d298a73793d48104b3c6e114af5550c777,996d0f98b92dcb7d1c4e950f77191cebce1584d6,sha256:cab13b32bc3f286b67e9ecd82b05fd2055f26583c0c7f8fb3ee6b65ced6d8e96,True
3,successful_replacement,15.690203262493014,16.10557914339006,True,True,0,147,0,38,,e70281753dae24ba93a7e4a1715940d298a73793d48104b3c6e114af5550c777,996d0f98b92dcb7d1c4e950f77191cebce1584d6,sha256:cab13b32bc3f286b67e9ecd82b05fd2055f26583c0c7f8fb3ee6b65ced6d8e96,True
3,failed_build,0.03928869403898716,0.24992546439170837,False,True,0,3,0,0,"MlflowException: The following failures occurred while downloading one or more artifacts from /data/aturov/mlops-github-work/docs/CAISAIS/measurements_2026-10-05/run-03/missing-model:
##### File  #####
[Errno 2] No such file or directory: '/data/aturov/mlops-github-work/docs/CAISAIS/measurements_2026-10-05/run-03/missing-model/.'",e70281753dae24ba93a7e4a1715940d298a73793d48104b3c6e114af5550c777,996d0f98b92dcb7d1c4e950f77191cebce1584d6,sha256:cab13b32bc3f286b67e9ecd82b05fd2055f26583c0c7f8fb3ee6b65ced6d8e96,True
3,failed_start,16.00998886115849,16.222834292799234,False,True,0,116,0,113,TimeoutError: Container mlflow-serve-minimal_check_da1c9117-champion-candidate failed /ping readiness,e70281753dae24ba93a7e4a1715940d298a73793d48104b3c6e114af5550c777,996d0f98b92dcb7d1c4e950f77191cebce1584d6,sha256:cab13b32bc3f286b67e9ecd82b05fd2055f26583c0c7f8fb3ee6b65ced6d8e96,True
4,successful_replacement,16.321098865941167,16.74938277900219,True,True,0,153,0,38,,e70281753dae24ba93a7e4a1715940d298a73793d48104b3c6e114af5550c777,996d0f98b92dcb7d1c4e950f77191cebce1584d6,sha256:cab13b32bc3f286b67e9ecd82b05fd2055f26583c0c7f8fb3ee6b65ced6d8e96,True
4,failed_build,0.038901880383491516,0.2510781604796648,False,True,0,3,0,0,"MlflowException: The following failures occurred while downloading one or more artifacts from /data/aturov/mlops-github-work/docs/CAISAIS/measurements_2026-10-05/run-04/missing-model:
##### File  #####
[Errno 2] No such file or directory: '/data/aturov/mlops-github-work/docs/CAISAIS/measurements_2026-10-05/run-04/missing-model/.'",e70281753dae24ba93a7e4a1715940d298a73793d48104b3c6e114af5550c777,996d0f98b92dcb7d1c4e950f77191cebce1584d6,sha256:cab13b32bc3f286b67e9ecd82b05fd2055f26583c0c7f8fb3ee6b65ced6d8e96,True
4,failed_start,16.224565031006932,16.438246278092265,False,True,0,122,0,119,TimeoutError: Container mlflow-serve-minimal_check_e6a7e784-champion-candidate failed /ping readiness,e70281753dae24ba93a7e4a1715940d298a73793d48104b3c6e114af5550c777,996d0f98b92dcb7d1c4e950f77191cebce1584d6,sha256:cab13b32bc3f286b67e9ecd82b05fd2055f26583c0c7f8fb3ee6b65ced6d8e96,True
5,successful_replacement,15.475563084706664,15.89038042910397,True,True,0,145,0,38,,e70281753dae24ba93a7e4a1715940d298a73793d48104b3c6e114af5550c777,996d0f98b92dcb7d1c4e950f77191cebce1584d6,sha256:cab13b32bc3f286b67e9ecd82b05fd2055f26583c0c7f8fb3ee6b65ced6d8e96,True
5,failed_build,0.03613455966114998,0.24752717092633247,False,True,0,3,0,0,"MlflowException: The following failures occurred while downloading one or more artifacts from /data/aturov/mlops-github-work/docs/CAISAIS/measurements_2026-10-05/run-05/missing-model:
##### File  #####
[Errno 2] No such file or directory: '/data/aturov/mlops-github-work/docs/CAISAIS/measurements_2026-10-05/run-05/missing-model/.'",e70281753dae24ba93a7e4a1715940d298a73793d48104b3c6e114af5550c777,996d0f98b92dcb7d1c4e950f77191cebce1584d6,sha256:cab13b32bc3f286b67e9ecd82b05fd2055f26583c0c7f8fb3ee6b65ced6d8e96,True
5,failed_start,16.010522512719035,16.2240315862,False,True,0,132,0,129,TimeoutError: Container mlflow-serve-minimal_check_b6815de4-champion-candidate failed /ping readiness,e70281753dae24ba93a7e4a1715940d298a73793d48104b3c6e114af5550c777,996d0f98b92dcb7d1c4e950f77191cebce1584d6,sha256:cab13b32bc3f286b67e9ecd82b05fd2055f26583c0c7f8fb3ee6b65ced6d8e96,True
6,successful_replacement,15.723666731268167,16.135394103825092,True,True,0,148,0,38,,e70281753dae24ba93a7e4a1715940d298a73793d48104b3c6e114af5550c777,996d0f98b92dcb7d1c4e950f77191cebce1584d6,sha256:cab13b32bc3f286b67e9ecd82b05fd2055f26583c0c7f8fb3ee6b65ced6d8e96,True
6,failed_build,0.03770371153950691,0.2490896712988615,False,True,0,3,0,0,"MlflowException: The following failures occurred while downloading one or more artifacts from /data/aturov/mlops-github-work/docs/CAISAIS/measurements_2026-10-05/run-06/missing-model:
##### File  #####
[Errno 2] No such file or directory: '/data/aturov/mlops-github-work/docs/CAISAIS/measurements_2026-10-05/run-06/missing-model/.'",e70281753dae24ba93a7e4a1715940d298a73793d48104b3c6e114af5550c777,996d0f98b92dcb7d1c4e950f77191cebce1584d6,sha256:cab13b32bc3f286b67e9ecd82b05fd2055f26583c0c7f8fb3ee6b65ced6d8e96,True
6,failed_start,15.897220313549042,16.108579019084573,False,True,0,133,0,130,TimeoutError: Container mlflow-serve-minimal_check_2e1ed351-champion-candidate failed /ping readiness,e70281753dae24ba93a7e4a1715940d298a73793d48104b3c6e114af5550c777,996d0f98b92dcb7d1c4e950f77191cebce1584d6,sha256:cab13b32bc3f286b67e9ecd82b05fd2055f26583c0c7f8fb3ee6b65ced6d8e96,True
7,successful_replacement,15.708667311817408,16.14671989157796,True,True,0,148,0,38,,e70281753dae24ba93a7e4a1715940d298a73793d48104b3c6e114af5550c777,996d0f98b92dcb7d1c4e950f77191cebce1584d6,sha256:cab13b32bc3f286b67e9ecd82b05fd2055f26583c0c7f8fb3ee6b65ced6d8e96,True
7,failed_build,0.03859551250934601,0.25135262683033943,False,True,0,3,0,0,"MlflowException: The following failures occurred while downloading one or more artifacts from /data/aturov/mlops-github-work/docs/CAISAIS/measurements_2026-10-05/run-07/missing-model:
##### File  #####
[Errno 2] No such file or directory: '/data/aturov/mlops-github-work/docs/CAISAIS/measurements_2026-10-05/run-07/missing-model/.'",e70281753dae24ba93a7e4a1715940d298a73793d48104b3c6e114af5550c777,996d0f98b92dcb7d1c4e950f77191cebce1584d6,sha256:cab13b32bc3f286b67e9ecd82b05fd2055f26583c0c7f8fb3ee6b65ced6d8e96,True
7,failed_start,15.6715849917382,15.883625041693449,False,True,0,129,0,126,TimeoutError: Container mlflow-serve-minimal_check_f00b3a80-champion-candidate failed /ping readiness,e70281753dae24ba93a7e4a1715940d298a73793d48104b3c6e114af5550c777,996d0f98b92dcb7d1c4e950f77191cebce1584d6,sha256:cab13b32bc3f286b67e9ecd82b05fd2055f26583c0c7f8fb3ee6b65ced6d8e96,True
8,successful_replacement,17.00983392074704,17.425962736830115,True,True,0,158,0,38,,e70281753dae24ba93a7e4a1715940d298a73793d48104b3c6e114af5550c777,996d0f98b92dcb7d1c4e950f77191cebce1584d6,sha256:cab13b32bc3f286b67e9ecd82b05fd2055f26583c0c7f8fb3ee6b65ced6d8e96,True
8,failed_build,0.04120900668203831,0.25311943143606186,False,True,0,3,0,0,"MlflowException: The following failures occurred while downloading one or more artifacts from /data/aturov/mlops-github-work/docs/CAISAIS/measurements_2026-10-05/run-08/missing-model:
##### File  #####
[Errno 2] No such file or directory: '/data/aturov/mlops-github-work/docs/CAISAIS/measurements_2026-10-05/run-08/missing-model/.'",e70281753dae24ba93a7e4a1715940d298a73793d48104b3c6e114af5550c777,996d0f98b92dcb7d1c4e950f77191cebce1584d6,sha256:cab13b32bc3f286b67e9ecd82b05fd2055f26583c0c7f8fb3ee6b65ced6d8e96,True
8,failed_start,16.08046987839043,16.293267842382193,False,True,0,125,0,122,TimeoutError: Container mlflow-serve-minimal_check_4e75db4e-champion-candidate failed /ping readiness,e70281753dae24ba93a7e4a1715940d298a73793d48104b3c6e114af5550c777,996d0f98b92dcb7d1c4e950f77191cebce1584d6,sha256:cab13b32bc3f286b67e9ecd82b05fd2055f26583c0c7f8fb3ee6b65ced6d8e96,True
9,successful_replacement,15.542112447321415,15.958575405180454,True,True,0,146,0,38,,e70281753dae24ba93a7e4a1715940d298a73793d48104b3c6e114af5550c777,996d0f98b92dcb7d1c4e950f77191cebce1584d6,sha256:cab13b32bc3f286b67e9ecd82b05fd2055f26583c0c7f8fb3ee6b65ced6d8e96,True
9,failed_build,0.038536783307790756,0.25084338895976543,False,True,0,3,0,0,"MlflowException: The following failures occurred while downloading one or more artifacts from /data/aturov/mlops-github-work/docs/CAISAIS/measurements_2026-10-05/run-09/missing-model:
##### File  #####
[Errno 2] No such file or directory: '/data/aturov/mlops-github-work/docs/CAISAIS/measurements_2026-10-05/run-09/missing-model/.'",e70281753dae24ba93a7e4a1715940d298a73793d48104b3c6e114af5550c777,996d0f98b92dcb7d1c4e950f77191cebce1584d6,sha256:cab13b32bc3f286b67e9ecd82b05fd2055f26583c0c7f8fb3ee6b65ced6d8e96,True
9,failed_start,15.846702381968498,16.062367578968406,False,True,0,129,0,125,TimeoutError: Container mlflow-serve-minimal_check_4b483601-champion-candidate failed /ping readiness,e70281753dae24ba93a7e4a1715940d298a73793d48104b3c6e114af5550c777,996d0f98b92dcb7d1c4e950f77191cebce1584d6,sha256:cab13b32bc3f286b67e9ecd82b05fd2055f26583c0c7f8fb3ee6b65ced6d8e96,True
10,successful_replacement,15.989606192335486,16.41198012791574,True,True,0,150,0,38,,e70281753dae24ba93a7e4a1715940d298a73793d48104b3c6e114af5550c777,996d0f98b92dcb7d1c4e950f77191cebce1584d6,sha256:cab13b32bc3f286b67e9ecd82b05fd2055f26583c0c7f8fb3ee6b65ced6d8e96,True
10,failed_build,0.04061167314648628,0.2524284515529871,False,True,0,3,0,0,"MlflowException: The following failures occurred while downloading one or more artifacts from /data/aturov/mlops-github-work/docs/CAISAIS/measurements_2026-10-05/run-10/missing-model:
##### File  #####
[Errno 2] No such file or directory: '/data/aturov/mlops-github-work/docs/CAISAIS/measurements_2026-10-05/run-10/missing-model/.'",e70281753dae24ba93a7e4a1715940d298a73793d48104b3c6e114af5550c777,996d0f98b92dcb7d1c4e950f77191cebce1584d6,sha256:cab13b32bc3f286b67e9ecd82b05fd2055f26583c0c7f8fb3ee6b65ced6d8e96,True
10,failed_start,15.981839541345835,16.195295749232173,False,True,0,130,0,127,TimeoutError: Container mlflow-serve-minimal_check_f5c8c28e-champion-candidate failed /ping readiness,e70281753dae24ba93a7e4a1715940d298a73793d48104b3c6e114af5550c777,996d0f98b92dcb7d1c4e950f77191cebce1584d6,sha256:cab13b32bc3f286b67e9ecd82b05fd2055f26583c0c7f8fb3ee6b65ced6d8e96,True
11,successful_replacement,16.055895721539855,16.472894797101617,True,True,0,151,0,38,,e70281753dae24ba93a7e4a1715940d298a73793d48104b3c6e114af5550c777,996d0f98b92dcb7d1c4e950f77191cebce1584d6,sha256:cab13b32bc3f286b67e9ecd82b05fd2055f26583c0c7f8fb3ee6b65ced6d8e96,True
11,failed_build,0.04097793065011501,0.2516484819352627,False,True,0,3,0,0,"MlflowException: The following failures occurred while downloading one or more artifacts from /data/aturov/mlops-github-work/docs/CAISAIS/measurements_2026-10-05/run-11/missing-model:
##### File  #####
[Errno 2] No such file or directory: '/data/aturov/mlops-github-work/docs/CAISAIS/measurements_2026-10-05/run-11/missing-model/.'",e70281753dae24ba93a7e4a1715940d298a73793d48104b3c6e114af5550c777,996d0f98b92dcb7d1c4e950f77191cebce1584d6,sha256:cab13b32bc3f286b67e9ecd82b05fd2055f26583c0c7f8fb3ee6b65ced6d8e96,True
11,failed_start,16.107751838862896,16.32050460204482,False,True,0,127,0,124,TimeoutError: Container mlflow-serve-minimal_check_8e0934ba-champion-candidate failed /ping readiness,e70281753dae24ba93a7e4a1715940d298a73793d48104b3c6e114af5550c777,996d0f98b92dcb7d1c4e950f77191cebce1584d6,sha256:cab13b32bc3f286b67e9ecd82b05fd2055f26583c0c7f8fb3ee6b65ced6d8e96,True
12,successful_replacement,17.46485760062933,17.881758615374565,True,True,0,162,0,43,,e70281753dae24ba93a7e4a1715940d298a73793d48104b3c6e114af5550c777,996d0f98b92dcb7d1c4e950f77191cebce1584d6,sha256:cab13b32bc3f286b67e9ecd82b05fd2055f26583c0c7f8fb3ee6b65ced6d8e96,True
12,failed_build,0.04118918254971504,0.2531959507614374,False,True,0,3,0,0,"MlflowException: The following failures occurred while downloading one or more artifacts from /data/aturov/mlops-github-work/docs/CAISAIS/measurements_2026-10-05/run-12/missing-model:
##### File  #####
[Errno 2] No such file or directory: '/data/aturov/mlops-github-work/docs/CAISAIS/measurements_2026-10-05/run-12/missing-model/.'",e70281753dae24ba93a7e4a1715940d298a73793d48104b3c6e114af5550c777,996d0f98b92dcb7d1c4e950f77191cebce1584d6,sha256:cab13b32bc3f286b67e9ecd82b05fd2055f26583c0c7f8fb3ee6b65ced6d8e96,True
12,failed_start,15.826597029343247,16.03959988988936,False,True,0,125,0,122,TimeoutError: Container mlflow-serve-minimal_check_423ff4cd-champion-candidate failed /ping readiness,e70281753dae24ba93a7e4a1715940d298a73793d48104b3c6e114af5550c777,996d0f98b92dcb7d1c4e950f77191cebce1584d6,sha256:cab13b32bc3f286b67e9ecd82b05fd2055f26583c0c7f8fb3ee6b65ced6d8e96,True
13,successful_replacement,15.766316574066877,16.179131403565407,True,True,0,148,0,38,,e70281753dae24ba93a7e4a1715940d298a73793d48104b3c6e114af5550c777,996d0f98b92dcb7d1c4e950f77191cebce1584d6,sha256:cab13b32bc3f286b67e9ecd82b05fd2055f26583c0c7f8fb3ee6b65ced6d8e96,True
13,failed_build,0.03663814999163151,0.24741057865321636,False,True,0,3,0,0,"MlflowException: The following failures occurred while downloading one or more artifacts from /data/aturov/mlops-github-work/docs/CAISAIS/measurements_2026-10-05/run-13/missing-model:
##### File  #####
[Errno 2] No such file or directory: '/data/aturov/mlops-github-work/docs/CAISAIS/measurements_2026-10-05/run-13/missing-model/.'",e70281753dae24ba93a7e4a1715940d298a73793d48104b3c6e114af5550c777,996d0f98b92dcb7d1c4e950f77191cebce1584d6,sha256:cab13b32bc3f286b67e9ecd82b05fd2055f26583c0c7f8fb3ee6b65ced6d8e96,True
13,failed_start,15.706335481256247,15.918463474139571,False,True,0,128,0,125,TimeoutError: Container mlflow-serve-minimal_check_0452f960-champion-candidate failed /ping readiness,e70281753dae24ba93a7e4a1715940d298a73793d48104b3c6e114af5550c777,996d0f98b92dcb7d1c4e950f77191cebce1584d6,sha256:cab13b32bc3f286b67e9ecd82b05fd2055f26583c0c7f8fb3ee6b65ced6d8e96,True
14,successful_replacement,15.932034434750676,16.343486838042736,True,True,0,150,0,38,,e70281753dae24ba93a7e4a1715940d298a73793d48104b3c6e114af5550c777,996d0f98b92dcb7d1c4e950f77191cebce1584d6,sha256:cab13b32bc3f286b67e9ecd82b05fd2055f26583c0c7f8fb3ee6b65ced6d8e96,True
14,failed_build,0.038993462920188904,0.2493441291153431,False,True,0,3,0,0,"MlflowException: The following failures occurred while downloading one or more artifacts from /data/aturov/mlops-github-work/docs/CAISAIS/measurements_2026-10-05/run-14/missing-model:
##### File  #####
[Errno 2] No such file or directory: '/data/aturov/mlops-github-work/docs/CAISAIS/measurements_2026-10-05/run-14/missing-model/.'",e70281753dae24ba93a7e4a1715940d298a73793d48104b3c6e114af5550c777,996d0f98b92dcb7d1c4e950f77191cebce1584d6,sha256:cab13b32bc3f286b67e9ecd82b05fd2055f26583c0c7f8fb3ee6b65ced6d8e96,True
14,failed_start,16.06101723201573,16.274518750607967,False,True,0,130,0,127,TimeoutError: Container mlflow-serve-minimal_check_713fd30a-champion-candidate failed /ping readiness,e70281753dae24ba93a7e4a1715940d298a73793d48104b3c6e114af5550c777,996d0f98b92dcb7d1c4e950f77191cebce1584d6,sha256:cab13b32bc3f286b67e9ecd82b05fd2055f26583c0c7f8fb3ee6b65ced6d8e96,True
15,successful_replacement,16.053355826064944,16.46510631032288,True,True,0,150,0,38,,e70281753dae24ba93a7e4a1715940d298a73793d48104b3c6e114af5550c777,996d0f98b92dcb7d1c4e950f77191cebce1584d6,sha256:cab13b32bc3f286b67e9ecd82b05fd2055f26583c0c7f8fb3ee6b65ced6d8e96,True
15,failed_build,0.03677641786634922,0.24879565089941025,False,True,0,3,0,0,"MlflowException: The following failures occurred while downloading one or more artifacts from /data/aturov/mlops-github-work/docs/CAISAIS/measurements_2026-10-05/run-15/missing-model:
##### File  #####
[Errno 2] No such file or directory: '/data/aturov/mlops-github-work/docs/CAISAIS/measurements_2026-10-05/run-15/missing-model/.'",e70281753dae24ba93a7e4a1715940d298a73793d48104b3c6e114af5550c777,996d0f98b92dcb7d1c4e950f77191cebce1584d6,sha256:cab13b32bc3f286b67e9ecd82b05fd2055f26583c0c7f8fb3ee6b65ced6d8e96,True
15,failed_start,15.701284987851977,15.914674669504166,False,True,0,126,0,123,TimeoutError: Container mlflow-serve-minimal_check_cbad55ad-champion-candidate failed /ping readiness,e70281753dae24ba93a7e4a1715940d298a73793d48104b3c6e114af5550c777,996d0f98b92dcb7d1c4e950f77191cebce1584d6,sha256:cab13b32bc3f286b67e9ecd82b05fd2055f26583c0c7f8fb3ee6b65ced6d8e96,True
16,successful_replacement,16.89277596026659,17.33011132106185,True,True,0,156,0,38,,e70281753dae24ba93a7e4a1715940d298a73793d48104b3c6e114af5550c777,996d0f98b92dcb7d1c4e950f77191cebce1584d6,sha256:cab13b32bc3f286b67e9ecd82b05fd2055f26583c0c7f8fb3ee6b65ced6d8e96,True
16,failed_build,0.04666098207235336,0.2592683266848326,False,True,0,3,0,0,"MlflowException: The following failures occurred while downloading one or more artifacts from /data/aturov/mlops-github-work/docs/CAISAIS/measurements_2026-10-05/run-16/missing-model:
##### File  #####
[Errno 2] No such file or directory: '/data/aturov/mlops-github-work/docs/CAISAIS/measurements_2026-10-05/run-16/missing-model/.'",e70281753dae24ba93a7e4a1715940d298a73793d48104b3c6e114af5550c777,996d0f98b92dcb7d1c4e950f77191cebce1584d6,sha256:cab13b32bc3f286b67e9ecd82b05fd2055f26583c0c7f8fb3ee6b65ced6d8e96,True
16,failed_start,15.876395685598254,16.088175853714347,False,True,0,122,0,118,TimeoutError: Container mlflow-serve-minimal_check_30e20e8b-champion-candidate failed /ping readiness,e70281753dae24ba93a7e4a1715940d298a73793d48104b3c6e114af5550c777,996d0f98b92dcb7d1c4e950f77191cebce1584d6,sha256:cab13b32bc3f286b67e9ecd82b05fd2055f26583c0c7f8fb3ee6b65ced6d8e96,True
17,successful_replacement,15.715027578175068,16.12374298647046,True,True,0,147,0,38,,e70281753dae24ba93a7e4a1715940d298a73793d48104b3c6e114af5550c777,996d0f98b92dcb7d1c4e950f77191cebce1584d6,sha256:cab13b32bc3f286b67e9ecd82b05fd2055f26583c0c7f8fb3ee6b65ced6d8e96,True
17,failed_build,0.037685541436076164,0.24962668307125568,False,True,0,3,0,0,"MlflowException: The following failures occurred while downloading one or more artifacts from /data/aturov/mlops-github-work/docs/CAISAIS/measurements_2026-10-05/run-17/missing-model:
##### File  #####
[Errno 2] No such file or directory: '/data/aturov/mlops-github-work/docs/CAISAIS/measurements_2026-10-05/run-17/missing-model/.'",e70281753dae24ba93a7e4a1715940d298a73793d48104b3c6e114af5550c777,996d0f98b92dcb7d1c4e950f77191cebce1584d6,sha256:cab13b32bc3f286b67e9ecd82b05fd2055f26583c0c7f8fb3ee6b65ced6d8e96,True
17,failed_start,15.892222106456757,16.105210285633802,False,True,0,131,0,128,TimeoutError: Container mlflow-serve-minimal_check_dcdf85de-champion-candidate failed /ping readiness,e70281753dae24ba93a7e4a1715940d298a73793d48104b3c6e114af5550c777,996d0f98b92dcb7d1c4e950f77191cebce1584d6,sha256:cab13b32bc3f286b67e9ecd82b05fd2055f26583c0c7f8fb3ee6b65ced6d8e96,True
18,successful_replacement,15.792719541117549,16.200896868482232,True,True,0,148,0,38,,e70281753dae24ba93a7e4a1715940d298a73793d48104b3c6e114af5550c777,996d0f98b92dcb7d1c4e950f77191cebce1584d6,sha256:cab13b32bc3f286b67e9ecd82b05fd2055f26583c0c7f8fb3ee6b65ced6d8e96,True
18,failed_build,0.03920292481780052,0.2497687041759491,False,True,0,3,0,0,"MlflowException: The following failures occurred while downloading one or more artifacts from /data/aturov/mlops-github-work/docs/CAISAIS/measurements_2026-10-05/run-18/missing-model:
##### File  #####
[Errno 2] No such file or directory: '/data/aturov/mlops-github-work/docs/CAISAIS/measurements_2026-10-05/run-18/missing-model/.'",e70281753dae24ba93a7e4a1715940d298a73793d48104b3c6e114af5550c777,996d0f98b92dcb7d1c4e950f77191cebce1584d6,sha256:cab13b32bc3f286b67e9ecd82b05fd2055f26583c0c7f8fb3ee6b65ced6d8e96,True
18,failed_start,15.930174086242914,16.148694219067693,False,True,0,130,0,127,TimeoutError: Container mlflow-serve-minimal_check_a5675b34-champion-candidate failed /ping readiness,e70281753dae24ba93a7e4a1715940d298a73793d48104b3c6e114af5550c777,996d0f98b92dcb7d1c4e950f77191cebce1584d6,sha256:cab13b32bc3f286b67e9ecd82b05fd2055f26583c0c7f8fb3ee6b65ced6d8e96,True
19,successful_replacement,15.743886038661003,16.160482719540596,True,True,0,147,0,38,,e70281753dae24ba93a7e4a1715940d298a73793d48104b3c6e114af5550c777,996d0f98b92dcb7d1c4e950f77191cebce1584d6,sha256:cab13b32bc3f286b67e9ecd82b05fd2055f26583c0c7f8fb3ee6b65ced6d8e96,True
19,failed_build,0.04034239985048771,0.25254094041883945,False,True,0,3,0,0,"MlflowException: The following failures occurred while downloading one or more artifacts from /data/aturov/mlops-github-work/docs/CAISAIS/measurements_2026-10-05/run-19/missing-model:
##### File  #####
[Errno 2] No such file or directory: '/data/aturov/mlops-github-work/docs/CAISAIS/measurements_2026-10-05/run-19/missing-model/.'",e70281753dae24ba93a7e4a1715940d298a73793d48104b3c6e114af5550c777,996d0f98b92dcb7d1c4e950f77191cebce1584d6,sha256:cab13b32bc3f286b67e9ecd82b05fd2055f26583c0c7f8fb3ee6b65ced6d8e96,True
19,failed_start,15.956439841538668,16.169731955975294,False,True,0,128,0,125,TimeoutError: Container mlflow-serve-minimal_check_8cb83bc4-champion-candidate failed /ping readiness,e70281753dae24ba93a7e4a1715940d298a73793d48104b3c6e114af5550c777,996d0f98b92dcb7d1c4e950f77191cebce1584d6,sha256:cab13b32bc3f286b67e9ecd82b05fd2055f26583c0c7f8fb3ee6b65ced6d8e96,True
20,successful_replacement,17.556767797097564,17.96871683932841,True,True,0,161,0,38,,e70281753dae24ba93a7e4a1715940d298a73793d48104b3c6e114af5550c777,996d0f98b92dcb7d1c4e950f77191cebce1584d6,sha256:cab13b32bc3f286b67e9ecd82b05fd2055f26583c0c7f8fb3ee6b65ced6d8e96,True
20,failed_build,0.045262422412633896,0.2571342531591654,False,True,0,3,0,0,"MlflowException: The following failures occurred while downloading one or more artifacts from /data/aturov/mlops-github-work/docs/CAISAIS/measurements_2026-10-05/run-20/missing-model:
##### File  #####
[Errno 2] No such file or directory: '/data/aturov/mlops-github-work/docs/CAISAIS/measurements_2026-10-05/run-20/missing-model/.'",e70281753dae24ba93a7e4a1715940d298a73793d48104b3c6e114af5550c777,996d0f98b92dcb7d1c4e950f77191cebce1584d6,sha256:cab13b32bc3f286b67e9ecd82b05fd2055f26583c0c7f8fb3ee6b65ced6d8e96,True
20,failed_start,16.15296591259539,16.367562184110284,False,True,0,119,0,116,TimeoutError: Container mlflow-serve-minimal_check_d09c22dc-champion-candidate failed /ping readiness,e70281753dae24ba93a7e4a1715940d298a73793d48104b3c6e114af5550c777,996d0f98b92dcb7d1c4e950f77191cebce1584d6,sha256:cab13b32bc3f286b67e9ecd82b05fd2055f26583c0c7f8fb3ee6b65ced6d8e96,True
